speed_m_s,eigenvalue_real_s_inv,eigenvalue_imag_s_inv
0.0,-5.530943717653896,0.0
0.0,-3.1316432479065552,0.0
0.0,3.131643247906553,0.0
0.0,5.530943717653891,0.0
0.1,-5.699357769726002,0.0
0.1,-3.122657300496902,0.0
0.1,3.1459064980546105,0.0
0.1,5.357069774444421,0.0
0.2,-5.863608627599327,0.0
0.2,-3.117646704705042,0.0
0.2,3.1672816598721214,0.0
0.2,5.1758960769844915,0.0
0.30000000000000004,-6.0246589175408936,0.0
0.30000000000000004,-3.1156330709729407,0.0
0.30000000000000004,3.1985549203113686,0.0
0.30000000000000004,4.98462067503084,0.0
0.4,-6.183252128080466,0.0
0.4,-3.115846635321897,0.0
0.4,3.244426890328363,0.0
0.4,4.778516682178493,0.0
0.5,-6.339980487410437,0.0
0.5,-3.1176583741627906,0.0
0.5,3.3142563386395483,0.0
0.5,4.548188534314309,0.0
0.6000000000000001,-6.495327344866443,0.0
0.6000000000000001,-3.120537606244078,0.0
0.6000000000000001,3.433828599580801,0.0
0.6000000000000001,4.267803565186473,0.0
0.7000000000000001,-6.649694837838327,0.0
0.7000000000000001,-3.1240242947686054,0.0
0.7000000000000001,3.7702237742699003,-0.1800208766268999
0.7000000000000001,3.7702237742699003,0.1800208766268999
0.8,-6.803422626145295,0.0
0.8,-3.1277102604780866,0.0
0.8,3.689411252416191,-0.48850285118390924
0.8,3.689411252416191,0.48850285118390924
0.9,-6.956800975988989,0.0
0.9,-3.1312260149000632,0.0
0.9,3.6083389056870905,-0.6672288633496866
0.9,3.6083389056870905,0.6672288633496866
1.0,-7.110080146374345,0.0
1.0,-3.134231250665788,0.0
1.0,3.5269617099006845,-0.8077402751993138
1.0,3.5269617099006845,0.8077402751993138
1.1,-7.263477286953292,0.0
1.1,-3.1364077682242906,0.0
1.1,3.4452291401074717,-0.9277471113115898
1.1,3.4452291401074717,0.9277471113115898
1.2000000000000002,-7.417181621311411,0.0
1.2000000000000002,-3.137454051658661,0.0
1.2000000000000002,3.363085050141782,-1.0345570824665453
1.2000000000000002,3.363085050141782,1.0345570824665453
1.3,-7.571358425653254,0.0
1.3,-3.1370809687490357,0.0
1.3,3.2804675119959534,-1.1320354285830052
1.3,3.2804675119959534,1.1320354285830052
1.4000000000000001,-7.726152147126468,0.0
1.4000000000000001,-3.135008234406144,0.0
1.4000000000000001,3.197308606699175,-1.222521996585056
1.4000000000000001,3.197308606699175,1.222521996585056
1.5,-7.881688898940593,0.0
1.5,-3.130961381798113,0.0
1.5,3.113534157440286,-1.3075609637397754
1.5,3.113534157440286,1.3075609637397754
1.6,-8.038078498419168,0.0
1.6,-3.1246690544489333,0.0
1.6,3.029063394643047,-1.3882350917062256
1.6,3.029063394643047,1.3882350917062256
1.7000000000000002,-8.195416165931308,0.0
1.7000000000000002,-3.1158604785375545,0.0
1.7000000000000002,2.943808541581486,-1.4653389637044274
1.7000000000000002,2.943808541581486,1.4653389637044274
1.8,-8.353783969282375,0.0
1.8,-3.104263005615296,0.0
1.8,2.8576743079339506,-1.5394772217715402
1.8,2.8576743079339506,1.5394772217715402
1.9000000000000001,-8.51325207464383,0.0
1.9000000000000001,-3.089599637077832,0.0
1.9000000000000001,2.7705572774840137,-1.6111243093901908
1.9000000000000001,2.7705572774840137,1.6111243093901908
2.0,-8.673879848317277,0.0
2.0,-3.0715864564151416,0.0
2.0,2.6823451751274563,-1.6806629659067502
2.0,2.6823451751274563,1.6806629659067502
2.1,-8.83571684151039,0.0
2.1,-3.049929906121134,0.0
2.1,2.5929159977150675,-1.7484103330254002
2.1,2.5929159977150675,1.7484103330254002
2.2,-8.998803681489642,0.0
2.2,-3.0243238555498224,0.0
2.2,2.502136993557097,-1.8146365533255167
2.2,2.502136993557097,1.8146365533255167
2.3000000000000003,-9.163172886042252,0.0
2.3000000000000003,-2.9944464166771327,0.0
2.3000000000000003,2.409863477535122,-1.879578722021098
2.3000000000000003,2.409863477535122,1.879578722021098
2.4000000000000004,-9.328849613484929,0.0
2.4000000000000004,-2.9599564804384273,0.0
2.4000000000000004,2.3159374742751675,-1.9434519786572813
2.4000000000000004,2.3159374742751675,1.9434519786572813
2.5,-9.495852357044189,0.0
2.5,-2.920489972919633,0.0
2.5,2.2201861934334617,-2.0064589381626696
2.5,2.2201861934334617,2.0064589381626696
2.6,-9.66419358997323,0.0
2.6,-2.8756558777939234,0.0
2.6,2.1224203634731955,-2.0687983430342136
2.6,2.1224203634731955,2.0687983430342136
2.7,-9.833880366020402,0.0
2.7,-2.825032155147074,0.0
2.7,2.022432491311415,-2.130673662476236
2.7,2.022432491311415,2.130673662476236
2.8000000000000003,-10.004914878643078,0.0
2.8000000000000003,-2.7681618345196712,0.0
2.8000000000000003,1.9199951884471163,-2.1923023151832997
2.8000000000000003,1.9199951884471163,2.1923023151832997
2.9000000000000004,-10.177294981530938,0.0
2.9000000000000004,-2.704549817764945,0.0
2.9000000000000004,1.8148598326517402,-2.253926221073864
2.9000000000000004,1.8148598326517402,2.253926221073864
3.0,-10.351014672459108,0.0
3.0,-2.633661372536668,0.0
3.0,1.706756056639751,-2.315824473843232
3.0,1.706756056639751,2.315824473843232
3.1,-10.526064542154604,0.0
3.1,-2.5549240569429283,0.0
3.1,1.5953929348286864,-2.378329043931715
3.1,1.5953929348286864,2.378329043931715
3.2,-10.702432189667595,0.0
3.2,-2.4677360904299785,0.0
3.2,1.4804633764667758,-2.4418445105035653
3.2,1.4804633764667758,2.4418445105035653
3.3000000000000003,-10.880102605645426,0.0
3.3000000000000003,-2.3714862653448927,0.0
3.3000000000000003,1.361654273051212,-2.506872737056772
3.3000000000000003,1.361654273051212,2.506872737056772
3.4000000000000004,-11.059058524877239,0.0
3.4000000000000004,-2.2655937200320926,0.0
3.4000000000000004,1.2386665611487757,-2.5740428196539207
3.4000000000000004,1.2386665611487757,2.5740428196539207
3.5,-11.239280749484589,0.0
3.5,-2.149580428756602,0.0
3.5,1.1112516289527674,-2.644144861993312
3.5,1.1112516289527674,2.644144861993312
3.6,-11.420748444159312,0.0
3.6,-2.0231943077220036,0.0
3.6,0.9792730169108932,-2.718161900079311
3.6,0.9792730169108932,2.718161900079311
3.7,-11.603439404881774,0.0
3.7,-1.8866026674823029,0.0
3.7,0.8428032782903383,-2.7972857814154906
3.7,0.8428032782903383,2.7972857814154906
3.8000000000000003,-11.787330302580544,0.0
3.8000000000000003,-1.7406641771017788,0.0
3.8000000000000003,0.702260083087527,-2.8828889167577136
3.8000000000000003,0.702260083087527,2.8828889167577136
3.9000000000000004,-11.972396903214355,0.0
3.9000000000000004,-1.5872437582281615,0.0
3.9000000000000004,0.5585637751056852,-2.9764090871217634
3.9000000000000004,0.5585637751056852,2.9764090871217634
4.0,-12.158614265764284,0.0
4.0,-1.4294442736132993,0.0
4.0,0.4132533152112747,-3.0791081860320353
4.0,0.4132533152112747,3.0791081860320353
4.1000000000000005,-12.345956919618606,0.0
4.1000000000000005,-1.2715297395905545,0.0
4.1000000000000005,0.268447976265125,-3.1917223965961092
4.1000000000000005,0.268447976265125,3.1917223965961092
4.2,-12.53439902281391,0.0
4.2,-1.1183486490372736,0.0
4.2,0.12655908372420394,-3.3141370246511728
4.2,0.12655908372420394,3.3141370246511728
4.3,-12.723914502564915,0.0
4.3,-0.9743614268292653,0.0
4.3,-0.010196186366238532,-3.445295633626813
4.3,-0.010196186366238532,3.445295633626813
4.4,-12.914477179473291,0.0
4.4,-0.842740225526782,0.0
4.4,-0.14024484742522939,-3.5834450285686534
4.4,-0.14024484742522939,3.5834450285686534
4.5,-13.106060876755071,0.0
4.5,-0.7250006655508683,0.0
4.5,-0.26284217763423495,-3.7265799671745072
4.5,-0.26284217763423495,3.7265799671745072
4.6000000000000005,-13.298639515767462,0.0
4.6000000000000005,-0.6212127269755607,0.0
4.6000000000000005,-0.37796622627763,-3.872841915629705
4.6000000000000005,-0.37796622627763,3.872841915629705
4.7,-13.492187199051765,0.0
4.7,-0.5304969231240335,0.0
4.7,-0.4860696854231828,-4.020732420126488
4.7,-0.4860696854231828,4.020732420126488
4.800000000000001,-13.686678282041592,0.0
4.800000000000001,-0.5878383362612847,-4.169154583983666
4.800000000000001,-0.5878383362612847,4.169154583983666
4.800000000000001,-0.4515073361818761,0.0
4.9,-13.882087434514975,0.0
4.9,-0.6840223644526182,-4.317360159691664
4.9,-0.6840223644526182,4.317360159691664
4.9,-0.3827689250497012,0.0
5.0,-14.078389692798062,0.0
5.0,-0.775341882195806,-4.464867713788184
5.0,-0.775341882195806,4.464867713788184
5.0,-0.3228664290041102,0.0
5.1000000000000005,-14.275560503656585,0.0
5.1000000000000005,-0.8624444427057625,-4.611385803589646
5.1000000000000005,-0.8624444427057625,4.611385803589646
5.1000000000000005,-0.27052929484955035,0.0
5.2,-14.473575760742108,0.0
5.2,-0.9458925311808772,-4.756752437761429
5.2,-0.9458925311808772,4.756752437761429
5.2,-0.22465665853767353,0.0
5.300000000000001,-14.672411834391152,0.0
5.300000000000001,-1.026165976661364,-4.900891246113312
5.300000000000001,-1.026165976661364,4.900891246113312
5.300000000000001,-0.1843124916515333,0.0
5.4,-14.872045595510508,0.0
5.4,-1.103670607795294,-5.043781154729972
5.4,-1.103670607795294,5.043781154729972
5.4,-0.14870826598818943,0.0
5.5,-15.072454434219035,0.0
5.5,-1.1787486805402425,-5.185435931734439
5.5,-1.1787486805402425,5.185435931734439
5.5,-0.11718207951365367,0.0
5.6000000000000005,-15.273616273857026,0.0
5.6000000000000005,-1.251689002422849,-5.325890595978122
5.6000000000000005,-1.251689002422849,5.325890595978122
5.6000000000000005,-0.08917839383431467,0.0
5.7,-15.475509580918498,0.0
5.7,-1.3227359286806308,-5.4651924755874015
5.7,-1.3227359286806308,5.4651924755874015
5.7,-0.06423003198114881,0.0
5.800000000000001,-15.678113371409301,0.0
5.800000000000001,-1.3920970127389647,-5.603395375508468
5.800000000000001,-1.3920970127389647,5.603395375508468
5.800000000000001,-0.04194287109756989,0.0
5.9,-15.881407214085296,0.0
5.9,-1.459949363636956,-5.7405558104669305
5.9,-1.459949363636956,5.7405558104669305
5.9,-0.02198312434945973,0.0
6.0,-16.085371230980073,0.0
6.0,-1.5264448658413832,-5.876730605987037
6.0,-1.5264448658413832,5.876730605987037
6.0,-0.004066900769712729,0.0
6.1000000000000005,-16.28998609558942,0.0
6.1000000000000005,-1.591714441126942,-6.011975404101446
6.1000000000000005,-1.591714441126942,6.011975404101446
6.1000000000000005,0.01204831668688764,0.0
6.2,-16.495233029042392,0.0
6.2,-1.6558715224728928,-6.146343766265318
6.2,-1.6558715224728928,6.146343766265318
6.2,0.026570615107876804,0.0
6.300000000000001,-16.70109379455283,0.0
6.300000000000001,-1.7190148878215195,-6.279886669236148
6.300000000000001,-1.7190148878215195,6.279886669236148
6.300000000000001,0.03967931359169337,0.0
6.4,-16.907550690414112,0.0
6.4,-1.7812309769972725,-6.412652257999398
6.4,-1.7812309769972725,6.412652257999398
6.4,0.051529590080615195,0.0
6.5,-17.114586541770354,0.0
6.5,-1.842595792284974,-6.544685765105516
6.5,-1.842595792284974,6.544685765105516
6.5,0.06225627428837706,0.0
6.6000000000000005,-17.322184691370843,0.0
6.6000000000000005,-1.9031764635626107,-6.676029535901551
6.6000000000000005,-1.9031764635626107,6.676029535901551
6.6000000000000005,0.07197696872026625,0.0
6.7,-17.530328989490943,0.0
6.7,-1.9630325426875221,-6.806723119245308
6.7,-1.9630325426875221,6.806723119245308
6.7,0.0807946273663001,0.0
6.800000000000001,-17.739003783180838,0.0
6.800000000000001,-2.02221707874354,-6.936803396767749
6.800000000000001,-2.02221707874354,6.936803396767749
6.800000000000001,0.08879969544437269,0.0
6.9,-17.948193904984297,0.0
6.9,-2.080777515305138,-7.066304732812621
6.9,-2.080777515305138,7.066304732812621
6.9,0.09607189264715017,0.0
7.0,-18.157884661251774,0.0
7.0,-2.1387564425835923,-7.195259133297991
7.0,-2.1387564425835923,7.195259133297991
7.0,0.10268170574765627,0.0
7.1000000000000005,-18.368061820157127,0.0
7.1000000000000005,-2.1961922307629402,-7.3236964058756975
7.1000000000000005,-2.1961922307629402,7.3236964058756975
7.1000000000000005,0.10869164328783985,0.0
7.2,-18.57871159951277,0.0
7.2,-2.253119565649692,-7.451644316558298
7.2,-2.253119565649692,7.451644316558298
7.2,0.11415729469310436,0.0
7.300000000000001,-18.789820654465462,0.0
7.300000000000001,-2.309569903658219,-7.579128739868552
7.300000000000001,-2.309569903658219,7.579128739868552
7.300000000000001,0.11912822793897168,0.0
7.4,-19.001376065144168,0.0
7.4,-2.365571859901025,-7.7061738008327065
7.4,-2.365571859901025,7.7061738008327065
7.4,0.1236487533794194,0.0
7.5,-19.213365324321366,0.0
7.5,-2.421151540566281,-7.8328020079861975
7.5,-2.421151540566281,7.8328020079861975
7.5,0.12775857616324685,0.0
7.6000000000000005,-19.425776325139974,0.0
7.6000000000000005,-2.476332828701767,-7.959034377115956
7.6000000000000005,-2.476332828701767,7.959034377115956
7.6000000000000005,0.13149335552895708,0.0
7.7,-19.63859734895085,0.0
7.7,-2.531137630872059,-8.084890545825512
7.7,-2.531137630872059,8.084890545825512
7.7,0.13488518595654272,0.0
7.800000000000001,-19.85181705329828,0.0
7.800000000000001,-2.5855860908280426,-8.210388879233804
7.800000000000001,-2.5855860908280426,8.210388879233804
7.800000000000001,0.13796301249208043,0.0
7.9,-20.065424460085392,0.0
7.9,-2.6396967752566334,-8.335546567253727
7.9,-2.6396967752566334,8.335546567253727
7.9,0.14075299041247283,0.0
8.0,-20.279408943945363,0.0
8.0,-2.693486835810906,-8.46037971396929
8.0,-2.693486835810906,8.46037971396929
8.0,0.14327879765712498,0.0
8.1,-20.493760220840148,0.0
8.1,-2.746972150915589,-8.584903419660435
8.1,-2.746972150915589,8.584903419660435
8.1,0.14556190703740465,0.0
8.200000000000001,-20.708468336903845,0.0
8.200000000000001,-2.8001674502664162,-8.709131856030544
8.200000000000001,-2.8001674502664162,8.709131856030544
8.200000000000001,0.1476218240788565,0.0
8.3,-20.92352365754448,0.0
8.3,-2.8530864244703364,-8.833078335176689
8.3,-2.8530864244703364,8.833078335176689
8.3,0.14947629540345855,0.0
8.4,-21.138916856814618,0.0
8.4,-2.9057418218852584,-8.956755372820133
8.4,-2.9057418218852584,8.956755372820133
8.4,0.15114149177957392,0.0
8.5,-21.354638907058604,0.0
8.5,-2.958145534397093,-9.080174746283303
8.5,-2.958145534397093,9.080174746283303
8.5,0.15263216932334359,0.0
8.6,-21.570681068841544,0.0
8.6,-3.0103086736066693,-9.203347547667422
8.6,-3.0103086736066693,9.203347547667422
8.6,0.15396181180156643,0.0
8.700000000000001,-21.787034881163553,0.0
8.700000000000001,-3.0622416386779348,-9.326284232650092
8.700000000000001,-3.0622416386779348,9.326284232650092
8.700000000000001,0.1551427565422217,0.0
8.8,-22.003692151960397,0.0
8.8,-3.113954176914417,-9.448994665288616
8.8,-3.113954176914417,9.448994665288616
8.8,0.15618630608818096,0.0
8.9,-22.220644948890737,0.0
8.9,-3.1654554379768793,-9.571488159182527
8.9,-3.1654554379768793,9.571488159182527
8.9,0.15710282741954398,0.0
9.0,-22.437885590408264,0.0
9.0,-3.216754022524859,-9.693773515317767
9.0,-3.216754022524859,9.693773515317767
9.0,0.1579018403091685,0.0
9.1,-22.655406637116453,0.0
9.1,-3.267858025956325,-9.815859056886154
9.1,-3.267858025956325,9.815859056886154
9.1,0.1585920961564055,0.0
9.200000000000001,-22.87320088340243,0.0
9.200000000000001,-3.31877507782619,-9.937752661347343
9.200000000000001,-3.31877507782619,9.937752661347343
9.200000000000001,0.1591816484582443,0.0
9.3,-23.091261349345586,0.0
9.3,-3.36951237744724,-10.059461789975792
9.3,-3.36951237744724,10.059461789975792
9.3,0.15967791591963387,0.0
9.4,-23.30958127289622,0.0
9.4,-3.4200767261094858,-10.180993515112812
9.4,-3.4200767261094858,10.180993515112812
9.4,0.16008773907086243,0.0
9.5,-23.5281541023187,0.0
9.5,-3.4704745562975816,-10.302354545323507
9.5,-3.4704745562975816,10.302354545323507
9.5,0.1604174311456904,0.0
9.600000000000001,-23.746973488893524,0.0
9.600000000000001,-3.52071195823744,-10.423551248639498
9.600000000000001,-3.52071195823744,10.423551248639498
9.600000000000001,0.16067282387630086,0.0
9.700000000000001,-23.966033279871464,0.0
9.700000000000001,-3.5707947040610004,-10.544589674051808
9.700000000000001,-3.5707947040610004,10.544589674051808
9.700000000000001,0.1608593087775379,0.0
9.8,-24.18532751167462,0.0
9.8,-3.620728269843063,-10.665475571402908
9.8,-3.620728269843063,10.665475571402908
9.8,0.1609818744209299,0.0
9.9,-24.4048504033362,0.0
9.9,-3.6705178557323004,-10.786214409812901
9.9,-3.6705178557323004,10.786214409812901
9.9,0.16104514013710655,0.0
10.0,-24.624596350173643,0.0
10.0,-3.7201684043728234,-10.906811394762826
10.0,-3.7201684043728234,10.906811394762826
10.0,0.16105338653171147,0.0
